id;objet;description;date_demande
1;visualize;Producteur;2022-03-28
2;cyan Account;Palladium Lev;2022-03-28
3;Refined compressing;Metal Pants solid;2022-03-28
4;Money Tasty;Borders connect;2022-03-27
5;high-level Customer-focused Health;Soap payment;2022-03-28
6;quantifying;Garden IB;2022-03-27
7;e-services Profound Steel;synthesize Savings Units;2022-03-28
8;customer a;Dollar;2022-03-28
9;c supply-chains;Gorgeous Electronics white;2022-03-28
10;systems salmon rich;d'Azur productize unleash;2022-03-28
