id;nom_pers;prenom_pers;email
1;online Fresh;next-generation efficient;Bon.Dasilva@yahoo.fr
2;TCP methodical c;1080p;Mlisande_Dasilva@yahoo.fr
3;b Qatari;withdrawal la;Anthelmette9@yahoo.fr
4;architect Account;index;Bertrand0@gmail.com
5;overriding Practical;Ferronnerie Buckinghamshire;Fantine_Mercier36@gmail.com
6;Jewelery user-centric;Games optical;Marc_Adam@hotmail.fr
7;navigating payment web-enabled;PCI;Lopold85@yahoo.fr
8;Soft Solomon;Unbranded Awesome;Thibault.Renault73@yahoo.fr
9;Synergized;Moli√®re Refined Pound;Charlotte_Nicolas98@gmail.com
10;mobile;maroon Steel;Tonnin.Julien45@gmail.com
